CPU,Compiler,Opt,N,Tile,Threads,Schedule,Chunk,Align,Restrict,Time_Min_s,Time_Mean_s,GFLOPS_Min,GFLOPS_Mean,SIMD_Ops,FMA,AlignedMov,UnalignedMov,Status
12th Gen Intel(R) Core(TM) i9-12900K,icc,O3,6144,32,1,static,,1,1,32.826719,32.8578,14.130,14.117,1,0
0,57,19,REF
12th Gen Intel(R) Core(TM) i9-12900K,icc,O3,6144,32,1,dynamic,16,1,1,32.826216,32.8455,14.130,14.122,1,0
0,57,19,PASS
12th Gen Intel(R) Core(TM) i9-12900K,icc,O3,6144,32,1,guided,8,1,1,32.819504,32.8345,14.133,14.127,1,0
0,57,19,PASS
12th Gen Intel(R) Core(TM) i9-12900K,icc,O3,6144,32,4,static,,1,1,18.535787,18.5486,25.024,25.007,1,0
0,57,19,PASS
12th Gen Intel(R) Core(TM) i9-12900K,icc,O3,6144,32,4,dynamic,16,1,1,12.624989,12.6262,36.741,36.737,1,0
0,57,19,PASS
12th Gen Intel(R) Core(TM) i9-12900K,icc,O3,6144,32,4,guided,8,1,1,12.454081,12.6134,37.245,36.774,1,0
0,57,19,PASS
12th Gen Intel(R) Core(TM) i9-12900K,icc,O3,6144,32,8,static,,1,1,10.061848,10.0633,46.100,46.093,1,0
0,57,19,PASS
12th Gen Intel(R) Core(TM) i9-12900K,icc,O3,6144,32,8,dynamic,16,1,1,7.294904,7.3206,63.586,63.363,1,0
0,57,19,PASS
12th Gen Intel(R) Core(TM) i9-12900K,icc,O3,6144,32,8,guided,8,1,1,7.325430,7.3585,63.321,63.036,1,0
0,57,19,PASS
12th Gen Intel(R) Core(TM) i9-12900K,icc,O3,6144,32,16,static,,1,1,6.951336,7.00607,66.729,66.207,1,0
0,57,19,PASS
12th Gen Intel(R) Core(TM) i9-12900K,icc,O3,6144,32,16,dynamic,16,1,1,4.832802,4.98243,95.980,93.098,1,0
0,57,19,PASS
12th Gen Intel(R) Core(TM) i9-12900K,icc,O3,6144,32,16,guided,8,1,1,4.840954,4.99923,95.819,92.785,1,0
0,57,19,PASS
12th Gen Intel(R) Core(TM) i9-12900K,icc,O3,6144,64,1,static,,1,1,23.748617,23.7519,19.531,19.529,1,0
0,57,19,REF
12th Gen Intel(R) Core(TM) i9-12900K,icc,O3,6144,64,1,dynamic,16,1,1,23.757586,23.765,19.524,19.518,1,0
0,57,19,PASS
12th Gen Intel(R) Core(TM) i9-12900K,icc,O3,6144,64,1,guided,8,1,1,23.747742,23.7542,19.532,19.527,1,0
0,57,19,PASS
12th Gen Intel(R) Core(TM) i9-12900K,icc,O3,6144,64,4,static,,1,1,13.166102,13.1722,35.231,35.214,1,0
0,57,19,PASS
12th Gen Intel(R) Core(TM) i9-12900K,icc,O3,6144,64,4,dynamic,16,1,1,8.329096,8.45453,55.691,54.864,1,0
0,57,19,PASS
12th Gen Intel(R) Core(TM) i9-12900K,icc,O3,6144,64,4,guided,8,1,1,8.365456,8.7484,55.449,53.021,1,0
0,57,19,PASS
12th Gen Intel(R) Core(TM) i9-12900K,icc,O3,6144,64,8,static,,1,1,6.868182,7.64257,67.537,60.693,1,0
0,57,19,PASS
12th Gen Intel(R) Core(TM) i9-12900K,icc,O3,6144,64,8,dynamic,16,1,1,4.349354,4.37007,106.649,106.143,1,0
0,57,19,PASS
12th Gen Intel(R) Core(TM) i9-12900K,icc,O3,6144,64,8,guided,8,1,1,4.373888,4.38267,106.051,105.838,1,0
0,57,19,PASS
12th Gen Intel(R) Core(TM) i9-12900K,icc,O3,6144,64,16,static,,1,1,5.038005,5.42943,92.071,85.433,1,0
0,57,19,PASS
12th Gen Intel(R) Core(TM) i9-12900K,icc,O3,6144,64,16,dynamic,16,1,1,2.737433,2.76717,169.449,167.628,1,0
0,57,19,PASS
12th Gen Intel(R) Core(TM) i9-12900K,icc,O3,6144,64,16,guided,8,1,1,2.645283,2.6837,175.352,172.842,1,0
0,57,19,PASS
12th Gen Intel(R) Core(TM) i9-12900K,icc,O3,6144,128,1,static,,1,1,57.245562,57.3513,8.102,8.087,1,0
0,57,19,REF
12th Gen Intel(R) Core(TM) i9-12900K,icc,O3,6144,128,1,dynamic,16,1,1,57.286542,57.404,8.097,8.080,1,0
0,57,19,PASS
12th Gen Intel(R) Core(TM) i9-12900K,icc,O3,6144,128,1,guided,8,1,1,57.111135,57.2117,8.121,8.107,1,0
0,57,19,PASS
12th Gen Intel(R) Core(TM) i9-12900K,icc,O3,6144,128,4,static,,1,1,14.582833,14.6162,31.808,31.735,1,0
0,57,19,PASS
12th Gen Intel(R) Core(TM) i9-12900K,icc,O3,6144,128,4,dynamic,16,1,1,12.393911,12.5135,37.426,37.068,1,0
0,57,19,PASS
12th Gen Intel(R) Core(TM) i9-12900K,icc,O3,6144,128,4,guided,8,1,1,12.264255,12.5731,37.821,36.892,1,0
0,57,19,PASS
12th Gen Intel(R) Core(TM) i9-12900K,icc,O3,6144,128,8,static,,1,1,6.827254,6.88717,67.941,67.350,1,0
0,57,19,PASS
12th Gen Intel(R) Core(TM) i9-12900K,icc,O3,6144,128,8,dynamic,16,1,1,8.619905,8.8373,53.812,52.488,1,0
0,57,19,PASS
12th Gen Intel(R) Core(TM) i9-12900K,icc,O3,6144,128,8,guided,8,1,1,7.240741,7.3604,64.062,63.020,1,0
0,57,19,PASS
12th Gen Intel(R) Core(TM) i9-12900K,icc,O3,6144,128,16,static,,1,1,5.667365,5.9544,81.846,77.901,1,0
0,57,19,PASS
12th Gen Intel(R) Core(TM) i9-12900K,icc,O3,6144,128,16,dynamic,16,1,1,4.502188,4.63357,103.029,100.107,1,0
0,57,19,PASS
12th Gen Intel(R) Core(TM) i9-12900K,icc,O3,6144,128,16,guided,8,1,1,4.553590,4.57147,101.866,101.467,1,0
0,57,19,PASS
12th Gen Intel(R) Core(TM) i9-12900K,icc,O3,8192,32,1,static,,1,1,158.312181,158.801,6.945,6.923,1,0
0,57,19,REF
12th Gen Intel(R) Core(TM) i9-12900K,icc,O3,8192,32,1,dynamic,16,1,1,158.189201,158.496,6.950,6.937,1,0
0,57,19,PASS
12th Gen Intel(R) Core(TM) i9-12900K,icc,O3,8192,32,1,guided,8,1,1,158.915876,159.101,6.918,6.910,1,0
0,57,19,PASS
12th Gen Intel(R) Core(TM) i9-12900K,icc,O3,8192,32,4,static,,1,1,52.902618,53.0667,20.783,20.719,1,0
0,57,19,PASS
12th Gen Intel(R) Core(TM) i9-12900K,icc,O3,8192,32,4,dynamic,16,1,1,46.754191,46.8083,23.516,23.489,1,0
0,57,19,PASS
12th Gen Intel(R) Core(TM) i9-12900K,icc,O3,8192,32,4,guided,8,1,1,43.970696,45.7567,25.005,24.029,1,0
0,57,19,PASS
12th Gen Intel(R) Core(TM) i9-12900K,icc,O3,8192,32,8,static,,1,1,35.719802,35.736,30.781,30.767,1,0
0,57,19,PASS
12th Gen Intel(R) Core(TM) i9-12900K,icc,O3,8192,32,8,dynamic,16,1,1,23.869238,24.4939,46.063,44.889,1,0
0,57,19,PASS
12th Gen Intel(R) Core(TM) i9-12900K,icc,O3,8192,32,8,guided,8,1,1,25.305698,25.5468,43.449,43.039,1,0
0,57,19,PASS
12th Gen Intel(R) Core(TM) i9-12900K,icc,O3,8192,32,16,static,,1,1,28.182252,28.472,39.014,38.617,1,0
0,57,19,PASS
12th Gen Intel(R) Core(TM) i9-12900K,icc,O3,8192,32,16,dynamic,16,1,1,13.581471,13.6598,80.956,80.492,1,0
0,57,19,PASS
12th Gen Intel(R) Core(TM) i9-12900K,icc,O3,8192,32,16,guided,8,1,1,15.610741,15.9677,70.433,68.858,1,0
0,57,19,PASS
12th Gen Intel(R) Core(TM) i9-12900K,icc,O3,8192,64,1,static,,1,1,193.724597,194.065,5.675,5.665,1,0
0,57,19,REF
12th Gen Intel(R) Core(TM) i9-12900K,icc,O3,8192,64,1,dynamic,16,1,1,192.329121,193.055,5.716,5.695,1,0
0,57,19,PASS
12th Gen Intel(R) Core(TM) i9-12900K,icc,O3,8192,64,4,static,,1,1,68.954354,69.5583,15.945,15.807,1,0
0,57,19,PASS
12th Gen Intel(R) Core(TM) i9-12900K,icc,O3,8192,64,4,dynamic,16,1,1,53.328259,53.8993,20.617,20.399,1,0
0,57,19,PASS
12th Gen Intel(R) Core(TM) i9-12900K,icc,O3,8192,64,4,guided,8,1,1,50.926480,52.157,21.590,21.080,1,0
0,57,19,PASS
12th Gen Intel(R) Core(TM) i9-12900K,icc,O3,8192,64,8,static,,1,1,39.523526,40.6767,27.819,27.030,1,0
0,57,19,PASS
12th Gen Intel(R) Core(TM) i9-12900K,icc,O3,8192,64,8,dynamic,16,1,1,27.694799,28.3415,39.701,38.795,1,0
0,57,19,PASS
12th Gen Intel(R) Core(TM) i9-12900K,icc,O3,8192,64,8,guided,8,1,1,29.332850,29.4631,37.483,37.318,1,0
0,57,19,PASS
12th Gen Intel(R) Core(TM) i9-12900K,icc,O3,8192,64,16,static,,1,1,22.668556,23.4842,48.503,46.819,1,0
0,57,19,PASS
12th Gen Intel(R) Core(TM) i9-12900K,icc,O3,8192,64,16,dynamic,16,1,1,14.380559,14.591,76.458,75.355,1,0
0,57,19,PASS
12th Gen Intel(R) Core(TM) i9-12900K,icc,O3,8192,64,16,guided,8,1,1,15.364660,15.5579,71.561,70.672,1,0
0,57,19,PASS
12th Gen Intel(R) Core(TM) i9-12900K,icc,O3,8192,128,4,static,,1,1,51.810290,52.3677,21.221,20.995,1,0
0,57,19,REF
12th Gen Intel(R) Core(TM) i9-12900K,icc,O3,8192,128,4,dynamic,16,1,1,42.835302,43.5917,25.668,25.222,1,0
0,57,19,PASS
12th Gen Intel(R) Core(TM) i9-12900K,icc,O3,8192,128,4,guided,8,1,1,41.076738,41.4173,26.767,26.547,1,0
0,57,19,PASS
12th Gen Intel(R) Core(TM) i9-12900K,icc,O3,8192,128,8,static,,1,1,27.811359,27.8204,39.534,39.521,1,0
0,57,19,PASS
12th Gen Intel(R) Core(TM) i9-12900K,icc,O3,8192,128,8,dynamic,16,1,1,23.138025,23.2666,47.519,47.257,1,0
0,57,19,PASS
12th Gen Intel(R) Core(TM) i9-12900K,icc,O3,8192,128,8,guided,8,1,1,23.297316,23.441,47.194,46.905,1,0
0,57,19,PASS
12th Gen Intel(R) Core(TM) i9-12900K,icc,O3,8192,128,16,static,,1,1,16.607738,17.4587,66.204,62.977,1,0
0,57,19,PASS
12th Gen Intel(R) Core(TM) i9-12900K,icc,O3,8192,128,16,dynamic,16,1,1,11.592812,12.4502,94.844,88.312,1,0
0,57,19,PASS
12th Gen Intel(R) Core(TM) i9-12900K,icc,O3,8192,128,16,guided,8,1,1,14.367592,14.5614,76.527,75.508,1,0
0,57,19,PASS
12th Gen Intel(R) Core(TM) i9-12900K,icc,O3,10240,32,4,static,,1,1,86.090397,86.117,24.944,24.936,1,0
0,57,19,REF
12th Gen Intel(R) Core(TM) i9-12900K,icc,O3,10240,32,4,dynamic,16,1,1,56.263176,56.7503,38.168,37.840,1,0
0,57,19,PASS
12th Gen Intel(R) Core(TM) i9-12900K,icc,O3,10240,32,4,guided,8,1,1,58.831229,58.8737,36.502,36.476,1,0
0,57,19,PASS
12th Gen Intel(R) Core(TM) i9-12900K,icc,O3,10240,32,8,static,,1,1,46.351830,46.677,46.330,46.007,1,0
0,57,19,PASS
12th Gen Intel(R) Core(TM) i9-12900K,icc,O3,10240,32,8,dynamic,16,1,1,29.704996,29.7193,72.293,72.258,1,0
0,57,19,PASS
12th Gen Intel(R) Core(TM) i9-12900K,icc,O3,10240,32,8,guided,8,1,1,35.161977,35.5123,61.074,60.471,1,0
0,57,19,PASS
12th Gen Intel(R) Core(TM) i9-12900K,icc,O3,10240,32,16,static,,1,1,33.025964,33.0553,65.024,64.966,1,0
0,57,19,PASS
12th Gen Intel(R) Core(TM) i9-12900K,icc,O3,10240,32,16,dynamic,16,1,1,18.665724,18.9754,115.049,113.171,1,0
0,57,19,PASS
12th Gen Intel(R) Core(TM) i9-12900K,icc,O3,10240,32,16,guided,8,1,1,23.050453,25.4692,93.164,84.316,1,0
0,57,19,PASS
12th Gen Intel(R) Core(TM) i9-12900K,icc,O3,10240,64,4,static,,1,1,60.954628,65.484,35.230,32.794,1,0
0,57,19,REF
12th Gen Intel(R) Core(TM) i9-12900K,icc,O3,10240,64,4,dynamic,16,1,1,38.668956,40.5217,55.535,52.995,1,0
0,57,19,PASS
12th Gen Intel(R) Core(TM) i9-12900K,icc,O3,10240,64,4,guided,8,1,1,38.870807,38.8857,55.246,55.225,1,0
0,57,19,PASS
12th Gen Intel(R) Core(TM) i9-12900K,icc,O3,10240,64,8,static,,1,1,31.757120,35.1493,67.622,61.096,1,0
0,57,19,PASS
12th Gen Intel(R) Core(TM) i9-12900K,icc,O3,10240,64,8,dynamic,16,1,1,19.768402,19.8449,108.632,108.213,1,0
0,57,19,PASS
12th Gen Intel(R) Core(TM) i9-12900K,icc,O3,10240,64,8,guided,8,1,1,20.563963,20.6362,104.429,104.063,1,0
0,57,19,PASS
12th Gen Intel(R) Core(TM) i9-12900K,icc,O3,10240,64,16,static,,1,1,23.184338,24.8516,92.626,86.412,1,0
0,57,19,PASS
12th Gen Intel(R) Core(TM) i9-12900K,icc,O3,10240,64,16,dynamic,16,1,1,11.311492,11.3347,189.849,189.461,1,0
0,57,19,PASS
12th Gen Intel(R) Core(TM) i9-12900K,icc,O3,10240,64,16,guided,8,1,1,12.611893,13.4818,170.274,159.287,1,0
0,57,19,PASS
12th Gen Intel(R) Core(TM) i9-12900K,icc,O3,10240,128,4,static,,1,1,66.834404,67.8947,32.131,31.629,1,0
0,57,19,REF
12th Gen Intel(R) Core(TM) i9-12900K,icc,O3,10240,128,4,dynamic,16,1,1,57.378177,57.57,37.426,37.302,1,0
0,57,19,PASS
12th Gen Intel(R) Core(TM) i9-12900K,icc,O3,10240,128,4,guided,8,1,1,57.136773,58.3663,37.584,36.793,1,0
0,57,19,PASS
12th Gen Intel(R) Core(TM) i9-12900K,icc,O3,10240,128,8,static,,1,1,31.747856,31.9062,67.641,67.306,1,0
0,57,19,PASS
12th Gen Intel(R) Core(TM) i9-12900K,icc,O3,10240,128,8,dynamic,16,1,1,29.255096,29.3066,73.405,73.276,1,0
0,57,19,PASS
12th Gen Intel(R) Core(TM) i9-12900K,icc,O3,10240,128,8,guided,8,1,1,36.647235,36.841,58.598,58.290,1,0
0,57,19,PASS
12th Gen Intel(R) Core(TM) i9-12900K,icc,O3,10240,128,16,static,,1,1,22.723666,23.1554,94.504,92.742,1,0
0,57,19,PASS
12th Gen Intel(R) Core(TM) i9-12900K,icc,O3,10240,128,16,dynamic,16,1,1,19.280434,19.5591,111.381,109.794,1,0
0,57,19,PASS
12th Gen Intel(R) Core(TM) i9-12900K,icc,O3,10240,128,16,guided,8,1,1,21.493405,22.1637,99.913,96.891,1,0
0,57,19,PASS
12th Gen Intel(R) Core(TM) i9-12900K,icc,O3,12288,32,4,static,,1,1,149.607710,149.73,24.803,24.783,1,0
0,57,19,REF
12th Gen Intel(R) Core(TM) i9-12900K,icc,O3,12288,32,4,dynamic,16,1,1,105.945659,106.744,35.025,34.764,1,0
0,57,19,PASS
12th Gen Intel(R) Core(TM) i9-12900K,icc,O3,12288,32,4,guided,8,1,1,103.625945,103.801,35.810,35.749,1,0
0,57,19,PASS
12th Gen Intel(R) Core(TM) i9-12900K,icc,O3,12288,32,8,static,,1,1,82.353137,82.8673,45.060,44.780,1,0
0,57,19,PASS
12th Gen Intel(R) Core(TM) i9-12900K,icc,O3,12288,32,8,dynamic,16,1,1,63.081257,63.362,58.826,58.565,1,0
0,57,19,PASS
12th Gen Intel(R) Core(TM) i9-12900K,icc,O3,12288,32,8,guided,8,1,1,62.912392,63.2217,58.984,58.695,1,0
0,57,19,PASS
12th Gen Intel(R) Core(TM) i9-12900K,icc,O3,12288,32,16,static,,1,1,68.228566,68.7337,54.388,53.988,1,0
0,57,19,PASS
12th Gen Intel(R) Core(TM) i9-12900K,icc,O3,12288,32,16,dynamic,16,1,1,36.419069,37.347,101.893,99.361,1,0
0,57,19,PASS
12th Gen Intel(R) Core(TM) i9-12900K,icc,O3,12288,32,16,guided,8,1,1,42.388975,44.2623,87.542,83.837,1,0
0,57,19,PASS
12th Gen Intel(R) Core(TM) i9-12900K,icc,O3,12288,64,4,static,,1,1,115.309498,124.477,32.181,29.811,1,0
0,57,19,REF
12th Gen Intel(R) Core(TM) i9-12900K,icc,O3,12288,64,4,dynamic,16,1,1,103.552272,104.513,35.835,35.506,1,0
0,57,19,PASS
12th Gen Intel(R) Core(TM) i9-12900K,icc,O3,12288,64,4,guided,8,1,1,111.031472,114.207,33.421,32.492,1,0
0,57,19,PASS
12th Gen Intel(R) Core(TM) i9-12900K,icc,O3,12288,64,8,static,,1,1,80.340771,89.2217,46.188,41.591,1,0
0,57,19,PASS
12th Gen Intel(R) Core(TM) i9-12900K,icc,O3,12288,64,8,dynamic,16,1,1,59.037623,60.197,62.855,61.645,1,0
0,57,19,PASS
12th Gen Intel(R) Core(TM) i9-12900K,icc,O3,12288,64,8,guided,8,1,1,63.854678,66.5977,58.114,55.720,1,0
0,57,19,PASS
12th Gen Intel(R) Core(TM) i9-12900K,icc,O3,12288,64,16,static,,1,1,47.936480,52.4313,77.411,70.775,1,0
0,57,19,PASS
12th Gen Intel(R) Core(TM) i9-12900K,icc,O3,12288,64,16,dynamic,16,1,1,34.715883,36.2707,106.892,102.309,1,0
0,57,19,PASS
12th Gen Intel(R) Core(TM) i9-12900K,icc,O3,12288,64,16,guided,8,1,1,40.846592,42.0813,90.848,88.182,1,0
0,57,19,PASS
12th Gen Intel(R) Core(TM) i9-12900K,icc,O3,12288,128,4,static,,1,1,176.826240,176.895,20.985,20.977,1,0
0,57,19,REF
12th Gen Intel(R) Core(TM) i9-12900K,icc,O3,12288,128,4,dynamic,16,1,1,132.748768,132.824,27.953,27.938,1,0
0,57,19,PASS
12th Gen Intel(R) Core(TM) i9-12900K,icc,O3,12288,128,4,guided,8,1,1,137.663876,137.744,26.955,26.940,1,0
0,57,19,PASS
12th Gen Intel(R) Core(TM) i9-12900K,icc,O3,12288,128,8,static,,1,1,92.111281,92.1927,40.286,40.251,1,0
0,57,19,PASS
12th Gen Intel(R) Core(TM) i9-12900K,icc,O3,12288,128,8,dynamic,16,1,1,68.014458,68.2047,54.559,54.407,1,0
0,57,19,PASS
12th Gen Intel(R) Core(TM) i9-12900K,icc,O3,12288,128,8,guided,8,1,1,74.151601,74.426,50.044,49.859,1,0
0,57,19,PASS
12th Gen Intel(R) Core(TM) i9-12900K,icc,O3,12288,128,16,static,,1,1,52.806233,56.042,70.272,66.215,1,0
0,57,19,PASS
12th Gen Intel(R) Core(TM) i9-12900K,icc,O3,12288,128,16,dynamic,16,1,1,42.173294,42.4717,87.990,87.372,1,0
0,57,19,PASS
12th Gen Intel(R) Core(TM) i9-12900K,icc,O3,12288,128,16,guided,8,1,1,44.386194,45.0773,83.603,82.321,1,0
0,57,19,PASS
12th Gen Intel(R) Core(TM) i9-12900K,icc,O3,15000,32,4,static,,1,1,201.945274,201.961,33.424,33.422,1,0
0,57,19,REF
12th Gen Intel(R) Core(TM) i9-12900K,icc,O3,15000,32,4,dynamic,16,1,1,148.727016,149.834,45.385,45.049,1,0
0,57,19,PASS
12th Gen Intel(R) Core(TM) i9-12900K,icc,O3,15000,32,4,guided,8,1,1,148.273361,148.547,45.524,45.440,1,0
0,57,19,PASS
12th Gen Intel(R) Core(TM) i9-12900K,icc,O3,15000,32,8,static,,1,1,105.842951,105.862,63.773,63.762,1,0
0,57,19,PASS
12th Gen Intel(R) Core(TM) i9-12900K,icc,O3,15000,32,8,dynamic,16,1,1,76.818641,76.9073,87.869,87.768,1,0
0,57,19,PASS
12th Gen Intel(R) Core(TM) i9-12900K,icc,O3,15000,32,8,guided,8,1,1,76.912877,76.9817,87.761,87.683,1,0
0,57,19,PASS
12th Gen Intel(R) Core(TM) i9-12900K,icc,O3,15000,32,16,static,,1,1,62.563182,62.662,107.890,107.720,1,0
0,57,19,PASS
12th Gen Intel(R) Core(TM) i9-12900K,icc,O3,15000,32,16,dynamic,16,1,1,44.648276,45.9253,151.181,146.977,1,0
0,57,19,PASS
12th Gen Intel(R) Core(TM) i9-12900K,icc,O3,15000,32,16,guided,8,1,1,46.510647,46.653,145.128,144.685,1,0
0,57,19,PASS
12th Gen Intel(R) Core(TM) i9-12900K,icc,O3,15000,64,4,static,,1,1,169.858001,190.565,39.739,35.420,1,0
0,57,19,REF
12th Gen Intel(R) Core(TM) i9-12900K,icc,O3,15000,64,4,dynamic,16,1,1,110.749983,111.05,60.948,60.783,1,0
0,57,19,PASS
12th Gen Intel(R) Core(TM) i9-12900K,icc,O3,15000,64,4,guided,8,1,1,110.703904,111.073,60.973,60.770,1,0
0,57,19,PASS
12th Gen Intel(R) Core(TM) i9-12900K,icc,O3,15000,64,8,static,,1,1,86.068451,86.334,78.425,78.184,1,0
0,57,19,PASS
12th Gen Intel(R) Core(TM) i9-12900K,icc,O3,15000,64,8,dynamic,16,1,1,57.423113,58.113,117.548,116.153,1,0
0,57,19,PASS
12th Gen Intel(R) Core(TM) i9-12900K,icc,O3,15000,64,8,guided,8,1,1,57.180114,57.2677,118.048,117.867,1,0
0,57,19,PASS
12th Gen Intel(R) Core(TM) i9-12900K,icc,O3,15000,64,16,static,,1,1,51.887515,52.17,130.089,129.384,1,0
0,57,19,PASS
12th Gen Intel(R) Core(TM) i9-12900K,icc,O3,15000,64,16,dynamic,16,1,1,33.459125,33.916,201.738,199.021,1,0
0,57,19,PASS
12th Gen Intel(R) Core(TM) i9-12900K,icc,O3,15000,64,16,guided,8,1,1,33.914160,33.93,199.031,198.938,1,0
0,57,19,PASS
12th Gen Intel(R) Core(TM) i9-12900K,icc,O3,15000,128,4,static,,1,1,164.730763,164.743,40.975,40.972,1,0
0,57,19,REF
12th Gen Intel(R) Core(TM) i9-12900K,icc,O3,15000,128,4,dynamic,16,1,1,122.665528,122.668,55.027,55.026,1,0
0,57,19,PASS
12th Gen Intel(R) Core(TM) i9-12900K,icc,O3,15000,128,4,guided,8,1,1,122.304558,122.34,55.190,55.174,1,0
0,57,19,PASS
12th Gen Intel(R) Core(TM) i9-12900K,icc,O3,15000,128,8,static,,1,1,99.263923,99.4267,68.000,67.889,1,0
0,57,19,PASS
12th Gen Intel(R) Core(TM) i9-12900K,icc,O3,15000,128,8,dynamic,16,1,1,66.797722,66.8417,101.051,100.984,1,0
0,57,19,PASS
12th Gen Intel(R) Core(TM) i9-12900K,icc,O3,15000,128,8,guided,8,1,1,66.501880,66.5267,101.500,101.463,1,0
0,57,19,PASS
12th Gen Intel(R) Core(TM) i9-12900K,icc,O3,15000,128,16,static,,1,1,71.883214,71.893,93.902,93.889,1,0
0,57,19,PASS
12th Gen Intel(R) Core(TM) i9-12900K,icc,O3,15000,128,16,dynamic,16,1,1,38.497201,39.271,175.337,171.882,1,0
0,57,19,PASS
12th Gen Intel(R) Core(TM) i9-12900K,icc,O3,15000,128,16,guided,8,1,1,39.652707,39.764,170.227,169.751,1,0
0,57,19,PASS
12th Gen Intel(R) Core(TM) i9-12900K,icx,O3,6144,32,4,static,,1,1,16.083530,16.1031,28.840,28.805,30,0
0,84,55,PASS
12th Gen Intel(R) Core(TM) i9-12900K,icx,O3,6144,32,4,dynamic,16,1,1,13.140949,13.1599,35.298,35.247,30,0
0,84,55,PASS
12th Gen Intel(R) Core(TM) i9-12900K,icx,O3,6144,32,4,guided,8,1,1,12.718247,12.7315,36.471,36.433,30,0
0,84,55,PASS
12th Gen Intel(R) Core(TM) i9-12900K,icx,O3,6144,32,8,static,,1,1,9.422200,9.4311,49.230,49.183,30,0
0,84,55,PASS
12th Gen Intel(R) Core(TM) i9-12900K,icx,O3,6144,32,8,dynamic,16,1,1,6.769551,6.92373,68.521,66.995,30,0
0,84,55,PASS
12th Gen Intel(R) Core(TM) i9-12900K,icx,O3,6144,32,8,guided,8,1,1,7.530955,7.90203,61.593,58.700,30,0
0,84,55,PASS
12th Gen Intel(R) Core(TM) i9-12900K,icx,O3,6144,32,16,static,,1,1,5.775403,5.8027,80.315,79.938,30,0
0,84,55,PASS
12th Gen Intel(R) Core(TM) i9-12900K,icx,O3,6144,32,16,dynamic,16,1,1,4.634983,4.78603,100.077,96.918,30,0
0,84,55,PASS
12th Gen Intel(R) Core(TM) i9-12900K,icx,O3,6144,32,16,guided,8,1,1,5.170152,5.21587,89.718,88.931,30,0
0,84,55,PASS
12th Gen Intel(R) Core(TM) i9-12900K,icx,O3,6144,64,4,static,,1,1,12.624174,12.6543,36.743,36.656,38,0
0,84,71,PASS
12th Gen Intel(R) Core(TM) i9-12900K,icx,O3,6144,64,4,dynamic,16,1,1,15.131717,15.1901,30.654,30.536,38,0
0,84,71,PASS
12th Gen Intel(R) Core(TM) i9-12900K,icx,O3,6144,64,4,guided,8,1,1,13.664762,14.6207,33.945,31.726,38,0
0,84,71,PASS
12th Gen Intel(R) Core(TM) i9-12900K,icx,O3,6144,64,8,static,,1,1,6.445260,7.1364,71.968,64.998,38,0
0,84,71,PASS
12th Gen Intel(R) Core(TM) i9-12900K,icx,O3,6144,64,8,dynamic,16,1,1,5.929981,5.95123,78.222,77.942,38,0
0,84,71,PASS
12th Gen Intel(R) Core(TM) i9-12900K,icx,O3,6144,64,8,guided,8,1,1,7.260762,7.2796,63.885,63.720,38,0
0,84,71,PASS
12th Gen Intel(R) Core(TM) i9-12900K,icx,O3,6144,64,16,static,,1,1,4.328830,4.4306,107.155,104.693,38,0
0,84,71,PASS
12th Gen Intel(R) Core(TM) i9-12900K,icx,O3,6144,64,16,dynamic,16,1,1,4.504588,4.65163,102.974,99.719,38,0
0,84,71,PASS
12th Gen Intel(R) Core(TM) i9-12900K,icx,O3,6144,64,16,guided,8,1,1,3.838008,3.98827,120.858,116.305,38,0
0,84,71,PASS
12th Gen Intel(R) Core(TM) i9-12900K,icx,O3,6144,128,4,static,,1,1,11.910448,11.9784,38.945,38.724,26,0
0,84,47,PASS
12th Gen Intel(R) Core(TM) i9-12900K,icx,O3,6144,128,4,dynamic,16,1,1,12.375976,12.394,37.480,37.425,26,0
0,84,47,PASS
12th Gen Intel(R) Core(TM) i9-12900K,icx,O3,6144,128,4,guided,8,1,1,12.542962,12.9324,36.981,35.867,26,0
0,84,47,PASS
12th Gen Intel(R) Core(TM) i9-12900K,icx,O3,6144,128,8,static,,1,1,6.348485,6.3605,73.065,72.927,26,0
0,84,47,PASS
12th Gen Intel(R) Core(TM) i9-12900K,icx,O3,6144,128,8,dynamic,16,1,1,8.992967,9.00743,51.579,51.497,26,0
0,84,47,PASS
12th Gen Intel(R) Core(TM) i9-12900K,icx,O3,6144,128,8,guided,8,1,1,7.149333,7.263,64.881,63.865,26,0
0,84,47,PASS
12th Gen Intel(R) Core(TM) i9-12900K,icx,O3,6144,128,16,static,,1,1,3.598520,5.4179,128.902,85.615,26,0
0,84,47,PASS
12th Gen Intel(R) Core(TM) i9-12900K,icx,O3,6144,128,16,dynamic,16,1,1,4.541374,4.6814,102.140,99.084,26,0
0,84,47,PASS
12th Gen Intel(R) Core(TM) i9-12900K,icx,O3,6144,128,16,guided,8,1,1,4.472261,4.59367,103.718,100.977,26,0
0,84,47,PASS
12th Gen Intel(R) Core(TM) i9-12900K,icx,O3,8192,32,4,static,,1,1,40.995028,42.589,26.820,25.816,30,0
0,84,55,PASS
12th Gen Intel(R) Core(TM) i9-12900K,icx,O3,8192,32,4,dynamic,16,1,1,38.608363,41.9607,28.478,26.203,30,0
0,84,55,PASS
12th Gen Intel(R) Core(TM) i9-12900K,icx,O3,8192,32,4,guided,8,1,1,40.572807,42.8373,27.099,25.667,30,0
0,84,55,PASS
12th Gen Intel(R) Core(TM) i9-12900K,icx,O3,8192,32,8,static,,1,1,35.280667,35.3237,31.164,31.126,30,0
0,84,55,PASS
12th Gen Intel(R) Core(TM) i9-12900K,icx,O3,8192,32,8,dynamic,16,1,1,20.997858,21.6823,52.363,50.710,30,0
0,84,55,PASS
12th Gen Intel(R) Core(TM) i9-12900K,icx,O3,8192,32,8,guided,8,1,1,23.342719,23.8952,47.102,46.013,30,0
0,84,55,PASS
12th Gen Intel(R) Core(TM) i9-12900K,icx,O3,8192,32,16,static,,1,1,26.022150,27.1767,42.252,40.457,30,0
0,84,55,PASS
12th Gen Intel(R) Core(TM) i9-12900K,icx,O3,8192,32,16,dynamic,16,1,1,12.195079,12.4977,90.160,87.977,30,0
0,84,55,PASS
12th Gen Intel(R) Core(TM) i9-12900K,icx,O3,8192,32,16,guided,8,1,1,14.665196,14.7373,74.974,74.607,30,0
0,84,55,PASS
12th Gen Intel(R) Core(TM) i9-12900K,icx,O3,8192,64,4,static,,1,1,54.167983,55.611,20.298,19.771,38,0
0,84,71,PASS
12th Gen Intel(R) Core(TM) i9-12900K,icx,O3,8192,64,4,dynamic,16,1,1,50.548710,52.9273,21.751,20.773,38,0
0,84,71,PASS
12th Gen Intel(R) Core(TM) i9-12900K,icx,O3,8192,64,4,guided,8,1,1,52.840439,53.665,20.808,20.488,38,0
0,84,71,PASS
12th Gen Intel(R) Core(TM) i9-12900K,icx,O3,8192,64,8,static,,1,1,31.521335,31.7075,34.881,34.676,38,0
0,84,71,PASS
12th Gen Intel(R) Core(TM) i9-12900K,icx,O3,8192,64,8,dynamic,16,1,1,29.085235,30.1514,37.803,36.466,38,0
0,84,71,PASS
12th Gen Intel(R) Core(TM) i9-12900K,icx,O3,8192,64,8,guided,8,1,1,29.327667,30.6627,37.490,35.858,38,0
0,84,71,PASS
12th Gen Intel(R) Core(TM) i9-12900K,icx,O3,8192,64,16,static,,1,1,20.953509,21.6398,52.473,50.809,38,0
0,84,71,PASS
12th Gen Intel(R) Core(TM) i9-12900K,icx,O3,8192,64,16,dynamic,16,1,1,15.784951,16.2877,69.655,67.505,38,0
0,84,71,PASS
12th Gen Intel(R) Core(TM) i9-12900K,icx,O3,8192,64,16,guided,8,1,1,16.104773,16.2307,68.272,67.742,38,0
0,84,71,PASS
12th Gen Intel(R) Core(TM) i9-12900K,icx,O3,8192,128,4,static,,1,1,52.064022,52.2853,21.118,21.029,26,0
0,84,47,PASS
12th Gen Intel(R) Core(TM) i9-12900K,icx,O3,8192,128,4,dynamic,16,1,1,43.298310,44.802,25.393,24.541,26,0
0,84,47,PASS
12th Gen Intel(R) Core(TM) i9-12900K,icx,O3,8192,128,4,guided,8,1,1,41.497591,42.65,26.495,25.779,26,0
0,84,47,PASS
12th Gen Intel(R) Core(TM) i9-12900K,icx,O3,8192,128,8,static,,1,1,27.739622,27.8072,39.636,39.540,26,0
0,84,47,PASS
12th Gen Intel(R) Core(TM) i9-12900K,icx,O3,8192,128,8,dynamic,16,1,1,25.548138,25.7292,43.036,42.733,26,0
0,84,47,PASS
12th Gen Intel(R) Core(TM) i9-12900K,icx,O3,8192,128,8,guided,8,1,1,25.117592,25.6695,43.774,42.833,26,0
0,84,47,PASS
12th Gen Intel(R) Core(TM) i9-12900K,icx,O3,8192,128,16,static,,1,1,15.721307,18.4517,69.937,59.588,26,0
0,84,47,PASS
12th Gen Intel(R) Core(TM) i9-12900K,icx,O3,8192,128,16,dynamic,16,1,1,12.275289,12.4419,89.571,88.371,26,0
0,84,47,PASS
12th Gen Intel(R) Core(TM) i9-12900K,icx,O3,8192,128,16,guided,8,1,1,16.689874,16.7618,65.878,65.596,26,0
0,84,47,PASS
12th Gen Intel(R) Core(TM) i9-12900K,icx,O3,10240,32,4,static,,1,1,75.794586,75.9183,28.332,28.286,30,0
0,84,55,PASS
12th Gen Intel(R) Core(TM) i9-12900K,icx,O3,10240,32,4,dynamic,16,1,1,56.079681,56.3697,38.293,38.096,30,0
0,84,55,PASS
12th Gen Intel(R) Core(TM) i9-12900K,icx,O3,10240,32,4,guided,8,1,1,60.388314,60.5003,35.561,35.495,30,0
0,84,55,PASS
12th Gen Intel(R) Core(TM) i9-12900K,icx,O3,10240,32,8,static,,1,1,43.243056,43.3513,49.660,49.536,30,0
0,84,55,PASS
12th Gen Intel(R) Core(TM) i9-12900K,icx,O3,10240,32,8,dynamic,16,1,1,30.322651,30.4327,70.821,70.565,30,0
0,84,55,PASS
12th Gen Intel(R) Core(TM) i9-12900K,icx,O3,10240,32,8,guided,8,1,1,37.430085,38.231,57.373,56.171,30,0
0,84,55,PASS
12th Gen Intel(R) Core(TM) i9-12900K,icx,O3,10240,32,16,static,,1,1,26.876599,27.4917,79.901,78.113,30,0
0,84,55,PASS
12th Gen Intel(R) Core(TM) i9-12900K,icx,O3,10240,32,16,dynamic,16,1,1,18.145031,18.6503,118.351,115.144,30,0
0,84,55,PASS
12th Gen Intel(R) Core(TM) i9-12900K,icx,O3,10240,32,16,guided,8,1,1,23.006677,23.1349,93.341,92.824,30,0
0,84,55,PASS
12th Gen Intel(R) Core(TM) i9-12900K,icx,O3,10240,64,4,static,,1,1,59.018723,59.0263,36.386,36.381,38,0
0,84,71,PASS
12th Gen Intel(R) Core(TM) i9-12900K,icx,O3,10240,64,4,dynamic,16,1,1,54.606073,54.9077,39.326,39.110,38,0
0,84,71,PASS
12th Gen Intel(R) Core(TM) i9-12900K,icx,O3,10240,64,4,guided,8,1,1,64.209442,66.277,33.444,32.401,38,0
0,84,71,PASS
12th Gen Intel(R) Core(TM) i9-12900K,icx,O3,10240,64,8,static,,1,1,30.180109,38.665,71.155,55.540,38,0
0,84,71,PASS
12th Gen Intel(R) Core(TM) i9-12900K,icx,O3,10240,64,8,dynamic,16,1,1,27.363232,28.1163,78.480,76.378,38,0
0,84,71,PASS
12th Gen Intel(R) Core(TM) i9-12900K,icx,O3,10240,64,8,guided,8,1,1,34.832620,35.723,61.651,60.114,38,0
0,84,71,PASS
12th Gen Intel(R) Core(TM) i9-12900K,icx,O3,10240,64,16,static,,1,1,19.893745,19.9795,107.947,107.484,38,0
0,84,71,PASS
12th Gen Intel(R) Core(TM) i9-12900K,icx,O3,10240,64,16,dynamic,16,1,1,15.765442,15.9671,136.214,134.494,38,0
0,84,71,PASS
12th Gen Intel(R) Core(TM) i9-12900K,icx,O3,10240,64,16,guided,8,1,1,19.343543,20.0438,111.018,107.139,38,0
0,84,71,PASS
12th Gen Intel(R) Core(TM) i9-12900K,icx,O3,10240,128,4,static,,1,1,55.181799,55.185,38.916,38.914,26,0
0,84,47,PASS
12th Gen Intel(R) Core(TM) i9-12900K,icx,O3,10240,128,4,dynamic,16,1,1,54.614619,54.663,39.320,39.285,26,0
0,84,47,PASS
12th Gen Intel(R) Core(TM) i9-12900K,icx,O3,10240,128,4,guided,8,1,1,57.236500,58.037,37.519,37.001,26,0
0,84,47,PASS
12th Gen Intel(R) Core(TM) i9-12900K,icx,O3,10240,128,8,static,,1,1,29.520538,29.5814,72.745,72.595,26,0
0,84,47,PASS
12th Gen Intel(R) Core(TM) i9-12900K,icx,O3,10240,128,8,dynamic,16,1,1,27.988062,28.1092,76.728,76.397,26,0
0,84,47,PASS
12th Gen Intel(R) Core(TM) i9-12900K,icx,O3,10240,128,8,guided,8,1,1,34.869117,36.0643,61.586,59.545,26,0
0,84,47,PASS
12th Gen Intel(R) Core(TM) i9-12900K,icx,O3,10240,128,16,static,,1,1,29.279181,29.4918,73.345,72.816,26,0
0,84,47,PASS
12th Gen Intel(R) Core(TM) i9-12900K,icx,O3,10240,128,16,dynamic,16,1,1,17.679104,18.4544,121.470,116.367,26,0
0,84,47,PASS
12th Gen Intel(R) Core(TM) i9-12900K,icx,O3,10240,128,16,guided,8,1,1,22.819141,23.121,94.108,92.880,26,0
0,84,47,PASS
12th Gen Intel(R) Core(TM) i9-12900K,icx,O3,12288,32,4,static,,1,1,133.203080,133.349,27.858,27.828,30,0
0,84,55,PASS
12th Gen Intel(R) Core(TM) i9-12900K,icx,O3,12288,32,4,dynamic,16,1,1,96.221851,96.2407,38.565,38.558,30,0
0,84,55,PASS
12th Gen Intel(R) Core(TM) i9-12900K,icx,O3,12288,32,4,guided,8,1,1,94.317165,94.4043,39.344,39.308,30,0
0,84,55,PASS
12th Gen Intel(R) Core(TM) i9-12900K,icx,O3,12288,32,8,static,,1,1,75.394021,75.5397,49.219,49.124,30,0
0,84,55,PASS
12th Gen Intel(R) Core(TM) i9-12900K,icx,O3,12288,32,8,dynamic,16,1,1,54.734038,55.6303,67.797,66.705,30,0
0,84,55,PASS
12th Gen Intel(R) Core(TM) i9-12900K,icx,O3,12288,32,8,guided,8,1,1,56.442125,56.649,65.746,65.506,30,0
0,84,55,PASS
12th Gen Intel(R) Core(TM) i9-12900K,icx,O3,12288,32,16,static,,1,1,62.834862,63.0977,59.057,58.811,30,0
0,84,55,PASS
12th Gen Intel(R) Core(TM) i9-12900K,icx,O3,12288,32,16,dynamic,16,1,1,30.857401,31.7395,120.258,116.915,30,0
0,84,55,PASS
12th Gen Intel(R) Core(TM) i9-12900K,icx,O3,12288,32,16,guided,8,1,1,37.427116,38.974,99.148,95.213,30,0
0,84,55,PASS
12th Gen Intel(R) Core(TM) i9-12900K,icx,O3,12288,64,4,static,,1,1,107.407357,109.395,34.549,33.921,38,0
0,84,71,PASS
12th Gen Intel(R) Core(TM) i9-12900K,icx,O3,12288,64,4,dynamic,16,1,1,100.571431,101.321,36.897,36.624,38,0
0,84,71,PASS
12th Gen Intel(R) Core(TM) i9-12900K,icx,O3,12288,64,4,guided,8,1,1,105.964786,106.646,35.019,34.795,38,0
0,84,71,PASS
12th Gen Intel(R) Core(TM) i9-12900K,icx,O3,12288,64,8,static,,1,1,61.576148,61.722,60.264,60.122,38,0
0,84,71,PASS
12th Gen Intel(R) Core(TM) i9-12900K,icx,O3,12288,64,8,dynamic,16,1,1,52.921506,53.7917,70.119,68.985,38,0
0,84,71,PASS
12th Gen Intel(R) Core(TM) i9-12900K,icx,O3,12288,64,8,guided,8,1,1,60.123493,62.7583,61.720,59.129,38,0
0,84,71,PASS
12th Gen Intel(R) Core(TM) i9-12900K,icx,O3,12288,64,16,static,,1,1,66.794579,67.396,55.556,55.060,38,0
0,84,71,PASS
12th Gen Intel(R) Core(TM) i9-12900K,icx,O3,12288,64,16,dynamic,16,1,1,32.344718,34.2477,114.728,108.353,38,0
0,84,71,PASS
12th Gen Intel(R) Core(TM) i9-12900K,icx,O3,12288,64,16,guided,8,1,1,38.881998,41.003,95.438,90.501,38,0
0,84,71,PASS
12th Gen Intel(R) Core(TM) i9-12900K,icx,O3,12288,128,4,static,,1,1,172.139792,172.639,21.557,21.494,26,0
0,84,47,PASS
12th Gen Intel(R) Core(TM) i9-12900K,icx,O3,12288,128,4,dynamic,16,1,1,132.548283,135.395,27.996,27.407,26,0
0,84,47,PASS
12th Gen Intel(R) Core(TM) i9-12900K,icx,O3,12288,128,4,guided,8,1,1,142.597509,142.842,26.023,25.978,26,0
0,84,47,PASS
12th Gen Intel(R) Core(TM) i9-12900K,icx,O3,12288,128,8,static,,1,1,90.944403,90.946,40.803,40.802,26,0
0,84,47,PASS
12th Gen Intel(R) Core(TM) i9-12900K,icx,O3,12288,128,8,dynamic,16,1,1,67.922157,68.1137,54.633,54.480,26,0
0,84,47,PASS
12th Gen Intel(R) Core(TM) i9-12900K,icx,O3,12288,128,8,guided,8,1,1,78.134074,78.375,47.493,47.347,26,0
0,84,47,PASS
12th Gen Intel(R) Core(TM) i9-12900K,icx,O3,12288,128,16,static,,1,1,55.284634,58.2643,67.122,63.689,26,0
0,84,47,PASS
12th Gen Intel(R) Core(TM) i9-12900K,icx,O3,12288,128,16,dynamic,16,1,1,42.430183,42.934,87.457,86.431,26,0
0,84,47,PASS
12th Gen Intel(R) Core(TM) i9-12900K,icx,O3,12288,128,16,guided,8,1,1,48.012705,48.1247,77.288,77.109,26,0
0,84,47,PASS
12th Gen Intel(R) Core(TM) i9-12900K,icc,O3,8192,64,1,guided,8,1,1,193.591666,193.72,5.679,5.675,1,0
0,57,19,PASS
12th Gen Intel(R) Core(TM) i9-12900K,icc,O3,8192,128,1,static,,1,1,156.780855,158.335,7.013,6.944,1,0
0,57,19,PASS
12th Gen Intel(R) Core(TM) i9-12900K,icc,O3,8192,128,1,dynamic,16,1,1,158.238221,159.142,6.948,6.908,1,0
0,57,19,PASS
12th Gen Intel(R) Core(TM) i9-12900K,icc,O3,8192,128,1,guided,8,1,1,158.189123,158.719,6.950,6.927,1,0
0,57,19,PASS
12th Gen Intel(R) Core(TM) i9-12900K,icc,O3,10240,32,1,static,,1,1,156.418489,156.432,13.729,13.727,1,0
0,57,19,PASS
12th Gen Intel(R) Core(TM) i9-12900K,icc,O3,10240,32,1,dynamic,16,1,1,156.227349,156.355,13.745,13.734,1,0
0,57,19,PASS
12th Gen Intel(R) Core(TM) i9-12900K,icc,O3,10240,32,1,guided,8,1,1,156.274203,156.325,13.741,13.737,1,0
0,57,19,PASS
12th Gen Intel(R) Core(TM) i9-12900K,icc,O3,10240,64,1,static,,1,1,110.903037,110.916,19.363,19.361,1,0
0,57,19,PASS
12th Gen Intel(R) Core(TM) i9-12900K,icc,O3,10240,64,1,dynamic,16,1,1,110.897298,110.901,19.364,19.363,1,0
0,57,19,PASS
12th Gen Intel(R) Core(TM) i9-12900K,icc,O3,10240,64,1,guided,8,1,1,110.900556,110.914,19.364,19.361,1,0
0,57,19,PASS
12th Gen Intel(R) Core(TM) i9-12900K,icc,O3,10240,128,1,static,,1,1,268.423792,268.665,8.000,7.993,1,0
0,57,19,PASS
12th Gen Intel(R) Core(TM) i9-12900K,icc,O3,10240,128,1,dynamic,16,1,1,268.532806,268.702,7.997,7.992,1,0
0,57,19,PASS
12th Gen Intel(R) Core(TM) i9-12900K,icc,O3,10240,128,1,guided,8,1,1,268.480503,268.963,7.998,7.984,1,0
0,57,19,PASS
12th Gen Intel(R) Core(TM) i9-12900K,icc,O3,12288,32,1,static,,1,1,275.776063,275.947,13.456,13.447,1,0
0,57,19,PASS
12th Gen Intel(R) Core(TM) i9-12900K,icc,O3,12288,32,1,dynamic,16,1,1,275.847602,275.885,13.452,13.450,1,0
0,57,19,PASS
12th Gen Intel(R) Core(TM) i9-12900K,icc,O3,12288,32,1,guided,8,1,1,275.880841,275.938,13.450,13.448,1,0
0,57,19,PASS
12th Gen Intel(R) Core(TM) i9-12900K,icc,O3,12288,64,1,static,,1,1,553.961131,555,6.698,6.686,1,0
0,57,19,PASS
12th Gen Intel(R) Core(TM) i9-12900K,icc,O3,12288,64,1,dynamic,16,1,1,553.584090,555.42,6.703,6.681,1,0
0,57,19,PASS
12th Gen Intel(R) Core(TM) i9-12900K,icc,O3,12288,64,1,guided,8,1,1,554.129970,555.133,6.696,6.684,1,0
0,57,19,PASS
12th Gen Intel(R) Core(TM) i9-12900K,icc,O3,12288,128,1,static,,1,1,496.787873,499.79,7.469,7.424,1,0
0,57,19,PASS
12th Gen Intel(R) Core(TM) i9-12900K,icc,O3,12288,128,1,dynamic,16,1,1,498.946036,499.307,7.437,7.432,1,0
0,57,19,PASS
12th Gen Intel(R) Core(TM) i9-12900K,icc,O3,12288,128,1,guided,8,1,1,498.503035,499.25,7.443,7.432,1,0
0,57,19,PASS
12th Gen Intel(R) Core(TM) i9-12900K,icx,O3,6144,32,1,static,,1,1,34.343296,34.3533,13.506,13.502,30,0
0,84,55,PASS
12th Gen Intel(R) Core(TM) i9-12900K,icx,O3,6144,32,1,dynamic,16,1,1,34.311296,34.3127,13.519,13.518,30,0
0,84,55,PASS
12th Gen Intel(R) Core(TM) i9-12900K,icx,O3,6144,32,1,guided,8,1,1,34.348975,34.378,13.504,13.492,30,0
0,84,55,PASS
12th Gen Intel(R) Core(TM) i9-12900K,icx,O3,6144,64,1,static,,1,1,62.586193,62.7213,7.411,7.395,38,0
0,84,71,PASS
12th Gen Intel(R) Core(TM) i9-12900K,icx,O3,6144,64,1,dynamic,16,1,1,62.769579,62.9557,7.389,7.367,38,0
0,84,71,PASS
12th Gen Intel(R) Core(TM) i9-12900K,icx,O3,6144,64,1,guided,8,1,1,59.504571,61.723,7.795,7.515,38,0
0,84,71,PASS
12th Gen Intel(R) Core(TM) i9-12900K,icx,O3,6144,128,1,static,,1,1,58.937367,59.7373,7.870,7.764,26,0
0,84,47,PASS
12th Gen Intel(R) Core(TM) i9-12900K,icx,O3,6144,128,1,dynamic,16,1,1,59.589743,60.0407,7.784,7.725,26,0
0,84,47,PASS
12th Gen Intel(R) Core(TM) i9-12900K,icx,O3,6144,128,1,guided,8,1,1,59.324373,59.5367,7.818,7.791,26,0
0,84,47,PASS
12th Gen Intel(R) Core(TM) i9-12900K,icx,O3,8192,32,1,static,,1,1,151.209061,152.549,7.271,7.207,30,0
0,84,55,PASS
12th Gen Intel(R) Core(TM) i9-12900K,icx,O3,8192,32,1,dynamic,16,1,1,151.584796,152.054,7.253,7.231,30,0
0,84,55,PASS
12th Gen Intel(R) Core(TM) i9-12900K,icx,O3,8192,32,1,guided,8,1,1,151.298790,152.682,7.267,7.201,30,0
0,84,55,PASS
12th Gen Intel(R) Core(TM) i9-12900K,icx,O3,8192,64,1,static,,1,1,210.969069,211.048,5.211,5.209,38,0
0,84,71,PASS
12th Gen Intel(R) Core(TM) i9-12900K,icx,O3,8192,64,1,dynamic,16,1,1,210.110682,211.366,5.233,5.201,38,0
0,84,71,PASS
12th Gen Intel(R) Core(TM) i9-12900K,icx,O3,8192,64,1,guided,8,1,1,210.033034,210.72,5.234,5.217,38,0
0,84,71,PASS
12th Gen Intel(R) Core(TM) i9-12900K,icx,O3,8192,128,1,static,,1,1,170.045251,171.124,6.465,6.425,26,0
0,84,47,PASS
12th Gen Intel(R) Core(TM) i9-12900K,icx,O3,8192,128,1,dynamic,16,1,1,170.901929,171.541,6.433,6.409,26,0
0,84,47,PASS
12th Gen Intel(R) Core(TM) i9-12900K,icx,O3,8192,128,1,guided,8,1,1,170.263041,170.533,6.457,6.447,26,0
0,84,47,PASS
12th Gen Intel(R) Core(TM) i9-12900K,icx,O3,10240,32,1,static,,1,1,160.775882,160.852,13.357,13.350,30,0
0,84,55,PASS
12th Gen Intel(R) Core(TM) i9-12900K,icx,O3,10240,32,1,dynamic,16,1,1,160.888359,160.946,13.347,13.342,30,0
0,84,55,PASS
12th Gen Intel(R) Core(TM) i9-12900K,icx,O3,10240,32,1,guided,8,1,1,160.817589,160.843,13.353,13.351,30,0
0,84,55,PASS
12th Gen Intel(R) Core(TM) i9-12900K,icx,O3,10240,64,1,static,,1,1,300.970593,301.285,7.135,7.127,38,0
0,84,71,PASS
12th Gen Intel(R) Core(TM) i9-12900K,icx,O3,10240,64,1,dynamic,16,1,1,299.329537,299.858,7.174,7.161,38,0
0,84,71,PASS
12th Gen Intel(R) Core(TM) i9-12900K,icx,O3,10240,64,1,guided,8,1,1,299.164057,300.296,7.178,7.151,38,0
0,84,71,PASS
12th Gen Intel(R) Core(TM) i9-12900K,icx,O3,10240,128,1,static,,1,1,282.178034,282.301,7.610,7.607,26,0
0,84,47,PASS
12th Gen Intel(R) Core(TM) i9-12900K,icx,O3,10240,128,1,dynamic,16,1,1,281.629590,282.348,7.625,7.605,26,0
0,84,47,PASS
12th Gen Intel(R) Core(TM) i9-12900K,icx,O3,10240,128,1,guided,8,1,1,281.615627,282.19,7.625,7.610,26,0
0,84,47,PASS
12th Gen Intel(R) Core(TM) i9-12900K,icx,O3,12288,32,1,static,,1,1,255.441068,255.617,14.527,14.517,30,0
0,84,55,PASS
12th Gen Intel(R) Core(TM) i9-12900K,icx,O3,12288,32,1,dynamic,16,1,1,255.441685,255.569,14.527,14.519,30,0
0,84,55,PASS
12th Gen Intel(R) Core(TM) i9-12900K,icx,O3,12288,32,1,guided,8,1,1,255.533740,255.65,14.521,14.515,30,0
0,84,55,PASS
12th Gen Intel(R) Core(TM) i9-12900K,icx,O3,12288,64,1,static,,1,1,601.855027,604.23,6.165,6.141,38,0
0,84,71,PASS
12th Gen Intel(R) Core(TM) i9-12900K,icx,O3,12288,64,1,dynamic,16,1,1,603.866113,606.563,6.145,6.117,38,0
0,84,71,PASS
12th Gen Intel(R) Core(TM) i9-12900K,icx,O3,12288,64,1,guided,8,1,1,604.479505,607.58,6.138,6.107,38,0
0,84,71,PASS
12th Gen Intel(R) Core(TM) i9-12900K,icx,O3,12288,128,1,static,,1,1,516.872407,518.293,7.179,7.159,26,0
0,84,47,PASS
12th Gen Intel(R) Core(TM) i9-12900K,icx,O3,12288,128,1,dynamic,16,1,1,515.926114,517.513,7.192,7.170,26,0
0,84,47,PASS
12th Gen Intel(R) Core(TM) i9-12900K,icx,O3,12288,128,1,guided,8,1,1,517.553151,520.17,7.169,7.133,26,0
0,84,47,PASS
12th Gen Intel(R) Core(TM) i9-12900K,icx,O3,15000,32,4,static,,1,1,235.311494,236.776,28.685,28.507,24,0
0,84,46,REF
12th Gen Intel(R) Core(TM) i9-12900K,icx,O3,15000,32,4,dynamic,16,1,1,159.773148,160.215,42.247,42.130,24,0
0,84,46,PASS
12th Gen Intel(R) Core(TM) i9-12900K,icx,O3,15000,32,4,guided,8,1,1,158.510134,160.682,42.584,42.008,24,0
0,84,46,PASS
12th Gen Intel(R) Core(TM) i9-12900K,icx,O3,15000,32,8,static,,1,1,121.469654,121.758,55.569,55.437,24,0
0,84,46,PASS
12th Gen Intel(R) Core(TM) i9-12900K,icx,O3,15000,32,8,dynamic,16,1,1,81.779425,81.9403,82.539,82.377,24,0
0,84,46,PASS
12th Gen Intel(R) Core(TM) i9-12900K,icx,O3,15000,32,8,guided,8,1,1,81.537768,81.6657,82.783,82.654,24,0
0,84,46,PASS
12th Gen Intel(R) Core(TM) i9-12900K,icx,O3,15000,32,16,static,,1,1,65.526859,65.5533,103.011,102.969,24,0
0,84,46,PASS
12th Gen Intel(R) Core(TM) i9-12900K,icx,O3,15000,32,16,dynamic,16,1,1,43.562891,44.2053,154.948,152.696,24,0
0,84,46,PASS
12th Gen Intel(R) Core(TM) i9-12900K,icx,O3,15000,32,16,guided,8,1,1,44.959632,45.0947,150.134,149.684,24,0
0,84,46,PASS
12th Gen Intel(R) Core(TM) i9-12900K,icx,O3,15000,64,4,static,,1,1,190.124790,190.158,35.502,35.496,24,0
0,84,46,REF
12th Gen Intel(R) Core(TM) i9-12900K,icx,O3,15000,64,4,dynamic,16,1,1,122.504790,122.601,55.099,55.056,24,0
0,84,46,PASS
12th Gen Intel(R) Core(TM) i9-12900K,icx,O3,15000,64,4,guided,8,1,1,122.506993,122.589,55.098,55.062,24,0
0,84,46,PASS
12th Gen Intel(R) Core(TM) i9-12900K,icx,O3,15000,64,8,static,,1,1,95.298099,95.4757,70.830,70.698,24,0
0,84,46,PASS
12th Gen Intel(R) Core(TM) i9-12900K,icx,O3,15000,64,8,dynamic,16,1,1,62.185408,62.2493,108.546,108.434,24,0
0,84,46,PASS
12th Gen Intel(R) Core(TM) i9-12900K,icx,O3,15000,64,8,guided,8,1,1,62.179278,62.2447,108.557,108.442,24,0
0,84,46,PASS
12th Gen Intel(R) Core(TM) i9-12900K,icx,O3,15000,64,16,static,,1,1,57.629735,57.7177,117.127,116.948,24,0
0,84,46,PASS
12th Gen Intel(R) Core(TM) i9-12900K,icx,O3,15000,64,16,dynamic,16,1,1,34.529729,35.0027,195.483,192.842,24,0
0,84,46,PASS
12th Gen Intel(R) Core(TM) i9-12900K,icx,O3,15000,64,16,guided,8,1,1,35.101350,35.2123,192.300,191.694,24,0
0,84,46,PASS
12th Gen Intel(R) Core(TM) i9-12900K,icx,O3,15000,128,4,static,,1,1,180.205833,180.244,37.457,37.449,24,0
0,84,46,REF
12th Gen Intel(R) Core(TM) i9-12900K,icx,O3,15000,128,4,dynamic,16,1,1,118.521841,120.775,56.951,55.889,24,0
0,84,46,PASS
12th Gen Intel(R) Core(TM) i9-12900K,icx,O3,15000,128,4,guided,8,1,1,118.393476,118.444,57.013,56.988,24,0
0,84,46,PASS
12th Gen Intel(R) Core(TM) i9-12900K,icx,O3,15000,128,8,static,,1,1,91.912303,91.9327,73.439,73.423,24,0
0,84,46,PASS
12th Gen Intel(R) Core(TM) i9-12900K,icx,O3,15000,128,8,dynamic,16,1,1,60.875802,60.9103,110.881,110.818,24,0
0,84,46,PASS
12th Gen Intel(R) Core(TM) i9-12900K,icx,O3,15000,128,8,guided,8,1,1,60.365247,60.3807,111.819,111.790,24,0
0,84,46,PASS
12th Gen Intel(R) Core(TM) i9-12900K,icx,O3,15000,128,16,static,,1,1,63.966748,63.9757,105.523,105.508,24,0
0,84,46,PASS
12th Gen Intel(R) Core(TM) i9-12900K,icx,O3,15000,128,16,dynamic,16,1,1,34.555259,34.7493,195.339,194.248,24,0
0,84,46,PASS
12th Gen Intel(R) Core(TM) i9-12900K,icx,O3,15000,128,16,guided,8,1,1,34.842196,34.916,193.730,193.321,24,0
0,84,46,PASS
12th Gen Intel(R) Core(TM) i9-12900K,icx,O3,15000,32,1,static,,1,1,431.761632,431.96,15.633,15.626,24,0
0,84,46,PASS
12th Gen Intel(R) Core(TM) i9-12900K,icx,O3,15000,32,1,dynamic,16,1,1,431.552341,431.843,15.641,15.630,24,0
0,84,46,PASS
12th Gen Intel(R) Core(TM) i9-12900K,icx,O3,15000,32,1,guided,8,1,1,431.609499,431.833,15.639,15.631,24,0
0,84,46,PASS
12th Gen Intel(R) Core(TM) i9-12900K,icx,O3,15000,64,1,static,,1,1,351.907203,352.67,19.181,19.139,24,0
0,84,46,PASS
12th Gen Intel(R) Core(TM) i9-12900K,icx,O3,15000,64,1,dynamic,16,1,1,352.335425,353.057,19.157,19.118,24,0
0,84,46,PASS
12th Gen Intel(R) Core(TM) i9-12900K,icx,O3,15000,64,1,guided,8,1,1,352.001319,352.28,19.176,19.160,24,0
0,84,46,PASS
12th Gen Intel(R) Core(TM) i9-12900K,icx,O3,15000,128,1,static,,1,1,346.063895,346.213,19.505,19.496,24,0
0,84,46,PASS
12th Gen Intel(R) Core(TM) i9-12900K,icx,O3,15000,128,1,dynamic,16,1,1,345.843709,346.67,19.517,19.470,24,0
0,84,46,PASS
12th Gen Intel(R) Core(TM) i9-12900K,icx,O3,15000,128,1,guided,8,1,1,346.662800,347.52,19.471,19.423,24,0
0,84,46,PASS